{"cameraMode":{"drawMode":0,"name":"Shaded","section":"Shading Mode"},"sceneLighting":true,"audioPlay":false,"sceneViewState":{"m_AlwaysRefresh":false,"showFog":true,"showSkybox":true,"showFlares":true,"showImageEffects":true,"showParticleSystems":true,"showVisualEffectGraphs":true,"m_FxEnabled":true},"in2DMode":false,"pivot":{"x":0.06945036351680756,"y":0.9425470232963562,"z":0.016715263947844507},"rotation":{"x":-0.020804019644856454,"y":0.9791873097419739,"z":-0.14079590141773225,"w":-0.14468523859977723},"size":0.9898252487182617,"orthographic":false}